country,overall_risk_level,recommended_action,risk_category,risk_score,summary,key_signal_1,key_signal_2,key_signal_3,executive_summary,data_quality_flag
United Kingdom,Medium,Monitor,economic,6,"The United Kingdom's economic growth is projected to be moderate, with a GDP growth rate of 1.1%, indicating a stable but not robust economy. The inflation rate of 2.53% is relatively low, suggesting that the economy is not experiencing significant price pressures.",GDP growth rate of 1.1%,inflation rate of 2.53%,volume of exports decline of -1.16%,"The United Kingdom's overall risk level is medium, driven by a moderate economic growth outlook, some financial stability concerns, and potential operational challenges. The country's ability to navigate political and economic challenges will be important for maintaining stability and attracting investment. As such, investors should exercise caution and monitor developments closely.",No issues detected
United Kingdom,Medium,Monitor,financial,5,"The UK's financial stability is supported by a relatively low unemployment rate of 4.28%, but the general government net lending/borrowing deficit of -5.75% of GDP and the current account balance deficit of -3.37% of GDP pose some concerns. These deficits may indicate a reliance on external financing and potential vulnerabilities in the balance of payments.",unemployment rate of 4.28%,general government net lending/borrowing deficit of -5.75% of GDP,current account balance deficit of -3.37% of GDP,"The United Kingdom's overall risk level is medium, driven by a moderate economic growth outlook, some financial stability concerns, and potential operational challenges. The country's ability to navigate political and economic challenges will be important for maintaining stability and attracting investment. As such, investors should exercise caution and monitor developments closely.",No issues detected
United Kingdom,Medium,Monitor,political,4,"The economic indicators do not suggest any immediate political risks, but the UK's economic performance and trade relationships may be influenced by political decisions, such as those related to Brexit. The country's ability to navigate these challenges will be important for maintaining economic stability and attracting investment.",potential Brexit-related trade disruptions,government policy responses to economic challenges,political stability and leadership,"The United Kingdom's overall risk level is medium, driven by a moderate economic growth outlook, some financial stability concerns, and potential operational challenges. The country's ability to navigate political and economic challenges will be important for maintaining stability and attracting investment. As such, investors should exercise caution and monitor developments closely.",No issues detected
United Kingdom,Medium,Monitor,operational,5,"The UK's operational and business environment is generally considered to be favorable, with a highly developed infrastructure and a skilled workforce. However, the decline in exports and the trade deficits may pose some operational challenges for businesses, particularly those reliant on international trade.",volume of exports decline of -1.16%,import growth of 2.69%,infrastructure and workforce quality,"The United Kingdom's overall risk level is medium, driven by a moderate economic growth outlook, some financial stability concerns, and potential operational challenges. The country's ability to navigate political and economic challenges will be important for maintaining stability and attracting investment. As such, investors should exercise caution and monitor developments closely.",No issues detected
Brazil,Medium,Monitor,economic,6,"Brazil's economy is expected to grow at a moderate pace, with a GDP growth rate of 3.4%, indicating a stable economic environment. However, the high inflation rate of 4.37% and significant increase in imports may pose risks to economic stability.",GDP growth rate of 3.4%,inflation rate of 4.37%,10.06% increase in imports,"Brazil's economy is expected to grow at a moderate pace, but potential financial stability risks and operational challenges may arise from high inflation, significant import increases, and government deficits. The overall risk level is medium, and investors should monitor the situation closely. A cautious approach is recommended to mitigate potential risks.",No issues detected
Brazil,Medium,Monitor,financial,7,The general government net lending/borrowing deficit of -6.63% of GDP and current account balance deficit of -2.82% of GDP indicate potential financial stability risks. These deficits may lead to increased borrowing costs and reduced investor confidence.,general government net lending/borrowing deficit of -6.63% of GDP,current account balance deficit of -2.82% of GDP,unemployment rate of 6.92%,"Brazil's economy is expected to grow at a moderate pace, but potential financial stability risks and operational challenges may arise from high inflation, significant import increases, and government deficits. The overall risk level is medium, and investors should monitor the situation closely. A cautious approach is recommended to mitigate potential risks.",No issues detected
Brazil,Medium,Monitor,political,5,"The economic indicators do not suggest any significant political risks, as the government's fiscal performance and external balances are manageable. However, the high deficit and borrowing requirements may lead to potential political tensions and instability.",general government net lending/borrowing deficit of -6.63% of GDP,current account balance deficit of -2.82% of GDP,no explicit political signals,"Brazil's economy is expected to grow at a moderate pace, but potential financial stability risks and operational challenges may arise from high inflation, significant import increases, and government deficits. The overall risk level is medium, and investors should monitor the situation closely. A cautious approach is recommended to mitigate potential risks.",No issues detected
Brazil,Medium,Monitor,operational,4,"The moderate economic growth and stable unemployment rate suggest a relatively favorable business environment. However, the increasing imports and potential supply chain disruptions may pose operational risks to businesses.",GDP growth rate of 3.4%,unemployment rate of 6.92%,10.06% increase in imports,"Brazil's economy is expected to grow at a moderate pace, but potential financial stability risks and operational challenges may arise from high inflation, significant import increases, and government deficits. The overall risk level is medium, and investors should monitor the situation closely. A cautious approach is recommended to mitigate potential risks.",No issues detected
Nigeria,High,Caution,economic,8,"Nigeria's economy is facing significant challenges, with high inflation at 33.24% and a decline in imports by 9.52%, indicating potential supply chain disruptions and decreased consumer purchasing power. The GDP growth rate of 3.43% is relatively moderate, but the high inflation rate could erode the purchasing power of consumers and affect economic stability.",High inflation rate of 33.24%,Decline in imports by 9.52%,Moderate GDP growth rate of 3.43%,"Nigeria's economy is facing significant challenges, including high inflation, moderate GDP growth, and a decline in imports, which could lead to financial instability, operational challenges, and potential political instability. The country's overall risk level is high, and investors should exercise caution when considering investments in Nigeria. Close monitoring of the economic situation and potential policy responses is necessary to mitigate risks.",No issues detected
Nigeria,High,Caution,financial,7,"The general government net lending/borrowing deficit of -3.37% of GDP and a current account balance surplus of 9.14% of GDP suggest a complex financial landscape, with potential fiscal challenges but also a current account surplus that could provide a buffer. The high inflation rate could also lead to financial instability and decreased investor confidence.",General government net lending/borrowing deficit of -3.37% of GDP,Current account balance surplus of 9.14% of GDP,High inflation rate of 33.24%,"Nigeria's economy is facing significant challenges, including high inflation, moderate GDP growth, and a decline in imports, which could lead to financial instability, operational challenges, and potential political instability. The country's overall risk level is high, and investors should exercise caution when considering investments in Nigeria. Close monitoring of the economic situation and potential policy responses is necessary to mitigate risks.",No issues detected
Nigeria,High,Caution,political,6,"While the economic indicators do not directly reflect political risk, the high inflation rate and moderate GDP growth could lead to social unrest and political instability if not managed effectively. The current account balance surplus could provide the government with some fiscal space to address socioeconomic challenges, but the overall economic situation requires careful political management.",High inflation rate of 33.24%,Moderate GDP growth rate of 3.43%,Potential for social unrest and political instability,"Nigeria's economy is facing significant challenges, including high inflation, moderate GDP growth, and a decline in imports, which could lead to financial instability, operational challenges, and potential political instability. The country's overall risk level is high, and investors should exercise caution when considering investments in Nigeria. Close monitoring of the economic situation and potential policy responses is necessary to mitigate risks.",No issues detected
Nigeria,High,Caution,operational,8,"The decline in imports by 9.52% and high inflation rate could lead to operational challenges for businesses, including supply chain disruptions and increased costs. The overall economic environment may also lead to decreased consumer demand and purchasing power, affecting business operations and profitability.",Decline in imports by 9.52%,High inflation rate of 33.24%,Potential for supply chain disruptions and decreased consumer demand,"Nigeria's economy is facing significant challenges, including high inflation, moderate GDP growth, and a decline in imports, which could lead to financial instability, operational challenges, and potential political instability. The country's overall risk level is high, and investors should exercise caution when considering investments in Nigeria. Close monitoring of the economic situation and potential policy responses is necessary to mitigate risks.",No issues detected
Egypt,High,Caution,economic,8,"Egypt's economy is facing significant challenges, with a low GDP growth rate of 2.4% and high inflation of 33.3%, indicating potential instability. The large trade deficit, with imports growing at 10.71% and exports declining by 8.39%, poses a risk to the country's economic stability.",GDP growth rate of 2.4%,inflation rate of 33.3%,trade deficit with declining exports,"Egypt's economy is facing significant challenges, with low growth, high inflation, and a large trade deficit, posing a high risk to investors. The country's financial stability is also at risk due to fiscal and external vulnerabilities. While the political risk is relatively lower, the potential for social unrest and instability remains, and investors should exercise caution when operating in Egypt.",No issues detected
Egypt,High,Caution,financial,7,"Egypt's financial stability is at risk due to a high general government net lending/borrowing deficit of -7.12% of GDP and a current account balance deficit of -5.43% of GDP, indicating potential fiscal and external vulnerabilities. The country's ability to finance its deficits and stabilize its currency may be compromised.",general government net lending/borrowing deficit of -7.12% of GDP,current account balance deficit of -5.43% of GDP,high inflation rate,"Egypt's economy is facing significant challenges, with low growth, high inflation, and a large trade deficit, posing a high risk to investors. The country's financial stability is also at risk due to fiscal and external vulnerabilities. While the political risk is relatively lower, the potential for social unrest and instability remains, and investors should exercise caution when operating in Egypt.",No issues detected
Egypt,High,Caution,political,6,"While the economic indicators do not directly reflect political risk, the high inflation rate and large trade deficit may lead to social unrest and political instability, particularly if the government is unable to address the economic challenges. The government's ability to implement reforms and maintain stability will be crucial in mitigating political risk.",high inflation rate,large trade deficit,potential social unrest,"Egypt's economy is facing significant challenges, with low growth, high inflation, and a large trade deficit, posing a high risk to investors. The country's financial stability is also at risk due to fiscal and external vulnerabilities. While the political risk is relatively lower, the potential for social unrest and instability remains, and investors should exercise caution when operating in Egypt.",No issues detected
Egypt,High,Caution,operational,5,"The operational and business environment in Egypt may be affected by the economic instability, with potential disruptions to supply chains and investment flows. However, the relatively low unemployment rate of 7.38% suggests that the labor market remains stable, which could support business operations.",economic instability,potential supply chain disruptions,stable labor market,"Egypt's economy is facing significant challenges, with low growth, high inflation, and a large trade deficit, posing a high risk to investors. The country's financial stability is also at risk due to fiscal and external vulnerabilities. While the political risk is relatively lower, the potential for social unrest and instability remains, and investors should exercise caution when operating in Egypt.",No issues detected
India,Medium,Monitor,economic,6,"India's economic risk is moderate due to its large and growing economy, but it also faces challenges such as inflation and potential slowdowns in key sectors. The country's economic indicators suggest a mix of positive and negative trends, with some sectors experiencing strong growth while others face significant challenges.",high GDP growth rate,inflation concerns,sectoral slowdowns,"India's overall risk level is medium, with a mix of positive and negative trends across economic, financial, political, and operational factors. The country's economic growth and stable government are positives, but challenges such as inflation, sectoral slowdowns, and operational risks need to be carefully managed. Investors and businesses should exercise caution and monitor developments closely to navigate the Indian market effectively.",No issues detected
India,Medium,Monitor,financial,5,"India's financial stability risk is relatively low, with a stable banking system and moderate debt levels, but the country is not immune to global financial trends and potential disruptions. The financial sector is subject to regulatory oversight, and the government has implemented measures to maintain stability and promote growth.",stable banking system,moderate debt levels,regulatory oversight,"India's overall risk level is medium, with a mix of positive and negative trends across economic, financial, political, and operational factors. The country's economic growth and stable government are positives, but challenges such as inflation, sectoral slowdowns, and operational risks need to be carefully managed. Investors and businesses should exercise caution and monitor developments closely to navigate the Indian market effectively.",No issues detected
India,Medium,Monitor,political,4,"India's political risk is relatively low, with a stable government and a strong institutional framework, but the country faces some political challenges, such as regional tensions and social unrest. The political environment is generally conducive to business and investment, with a focus on economic growth and development.",stable government,regional tensions,social unrest,"India's overall risk level is medium, with a mix of positive and negative trends across economic, financial, political, and operational factors. The country's economic growth and stable government are positives, but challenges such as inflation, sectoral slowdowns, and operational risks need to be carefully managed. Investors and businesses should exercise caution and monitor developments closely to navigate the Indian market effectively.",No issues detected
India,Medium,Monitor,operational,7,"India's operational and business environment risk is moderate to high, with challenges such as bureaucracy, corruption, and infrastructure gaps, but the country is also making efforts to improve the business environment and attract investment. The operational risks are significant, but the government is taking steps to address them and promote economic growth.",bureaucratic challenges,corruption risks,infrastructure gaps,"India's overall risk level is medium, with a mix of positive and negative trends across economic, financial, political, and operational factors. The country's economic growth and stable government are positives, but challenges such as inflation, sectoral slowdowns, and operational risks need to be carefully managed. Investors and businesses should exercise caution and monitor developments closely to navigate the Indian market effectively.",No issues detected
Germany,Medium,Monitor,economic,6,"Germany's economic indicators suggest a moderate level of risk, driven by potential vulnerabilities in the global trade landscape and the impact of geopolitical tensions on its export-oriented economy. The country's strong institutional framework and highly developed infrastructure mitigate some of these risks, but careful monitoring is required.",slowdown in global trade,exposure to geopolitical tensions,high dependence on exports,"Germany presents a medium overall risk level, primarily due to economic and political factors. The country's strong fundamentals and institutional stability are positives, but potential external shocks and internal political shifts necessitate careful monitoring. Investors should remain attentive to global trade trends, European political developments, and domestic economic policy decisions to navigate the German market effectively.",No issues detected
Germany,Medium,Monitor,financial,4,"Germany's financial system is considered stable, with a strong banking sector and low levels of sovereign debt, indicating a relatively low risk of financial instability. However, the European Central Bank's monetary policy decisions and potential contagion effects from other European countries could pose some risks to financial stability.",low sovereign debt levels,strong banking sector,potential ECB policy impacts,"Germany presents a medium overall risk level, primarily due to economic and political factors. The country's strong fundamentals and institutional stability are positives, but potential external shocks and internal political shifts necessitate careful monitoring. Investors should remain attentive to global trade trends, European political developments, and domestic economic policy decisions to navigate the German market effectively.",No issues detected
Germany,Medium,Monitor,political,5,"Germany's political landscape is generally stable, but the country's role in European politics and its relationships with other nations could introduce some level of political risk, particularly if there are significant changes in government or policy direction. The potential for social unrest or political polarization in response to economic challenges also warrants attention.",European political dynamics,potential government changes,social cohesion and polarization trends,"Germany presents a medium overall risk level, primarily due to economic and political factors. The country's strong fundamentals and institutional stability are positives, but potential external shocks and internal political shifts necessitate careful monitoring. Investors should remain attentive to global trade trends, European political developments, and domestic economic policy decisions to navigate the German market effectively.",No issues detected
Germany,Medium,Monitor,operational,3,"Germany offers a highly developed and efficient business environment, with strong infrastructure, a skilled workforce, and favorable regulatory conditions, contributing to a low operational risk profile. However, firms should remain vigilant about potential logistical disruptions, especially those related to global supply chains and energy security.",highly developed infrastructure,skilled workforce,potential supply chain disruptions,"Germany presents a medium overall risk level, primarily due to economic and political factors. The country's strong fundamentals and institutional stability are positives, but potential external shocks and internal political shifts necessitate careful monitoring. Investors should remain attentive to global trade trends, European political developments, and domestic economic policy decisions to navigate the German market effectively.",No issues detected
Indonesia,Medium,Monitor,economic,6,"Indonesia's economy is expected to grow at a moderate rate of 5.03%, with relatively low inflation of 2.3%, indicating a stable economic environment. However, the significant difference between import and export growth rates may lead to trade deficits and potential economic imbalances.",GDP growth rate of 5.03%,inflation rate of 2.3%,import growth rate of 5.89%,"Indonesia's overall risk level is medium, driven by a stable economic environment and relatively stable financial conditions. However, the significant difference between import and export growth rates may lead to trade deficits and potential economic imbalances. The country's manageable fiscal deficit and relatively stable financial conditions suggest that the government may need to implement fiscal discipline to maintain financial stability.",No issues detected
Indonesia,Medium,Monitor,financial,5,"Indonesia's general government net lending/borrowing is at -2.29% of GDP, indicating a manageable fiscal deficit, and the current account balance is at -0.63% of GDP, suggesting relatively stable financial conditions. However, these indicators also suggest that the government may need to implement fiscal discipline to maintain financial stability.",general government net lending/borrowing of -2.29% of GDP,current account balance of -0.63% of GDP,unemployment rate of 4.91%,"Indonesia's overall risk level is medium, driven by a stable economic environment and relatively stable financial conditions. However, the significant difference between import and export growth rates may lead to trade deficits and potential economic imbalances. The country's manageable fiscal deficit and relatively stable financial conditions suggest that the government may need to implement fiscal discipline to maintain financial stability.",No issues detected
Indonesia,Medium,Monitor,political,4,"The economic indicators do not suggest any immediate political risks, as the country's economic growth and low inflation may contribute to social stability. However, the manageable fiscal deficit and relatively stable financial conditions may also give the government room to implement policies that could have political implications.",stable economic growth,low inflation,manageable fiscal deficit,"Indonesia's overall risk level is medium, driven by a stable economic environment and relatively stable financial conditions. However, the significant difference between import and export growth rates may lead to trade deficits and potential economic imbalances. The country's manageable fiscal deficit and relatively stable financial conditions suggest that the government may need to implement fiscal discipline to maintain financial stability.",No issues detected
Indonesia,Medium,Monitor,operational,5,"Indonesia's operational and business environment risk is moderate, as the country's economic growth and relatively stable financial conditions may attract investments and support business operations. However, the significant difference between import and export growth rates may lead to logistical and supply chain challenges.",GDP growth rate of 5.03%,import growth rate of 5.89%,export growth rate of 1.38%,"Indonesia's overall risk level is medium, driven by a stable economic environment and relatively stable financial conditions. However, the significant difference between import and export growth rates may lead to trade deficits and potential economic imbalances. The country's manageable fiscal deficit and relatively stable financial conditions suggest that the government may need to implement fiscal discipline to maintain financial stability.",No issues detected
Argentina,High,Caution,economic,8,"Argentina's economy is experiencing a decline in GDP growth, with a notable contraction of -1.72%, coupled with extremely high inflation of 219.88%, indicating significant economic instability. The negative trend in import volumes, at -23.47%, further exacerbates the economic challenges, although the significant growth in export volumes offers a positive counterbalance.",GDP contraction of -1.72%,Inflation rate of 219.88%,Import volume decline of -23.47%,"Argentina poses a high risk due to its economic instability, marked by a decline in GDP and extremely high inflation, which affects not only the economy but also the financial, political, and operational environments. The country's ability to manage these challenges and implement effective policies will be crucial in mitigating risks. Despite some positive signals, such as the growth in export volumes, the overall risk level remains elevated, requiring careful monitoring and consideration in investment decisions.",No issues detected
Argentina,High,Caution,financial,7,"The general government net lending/borrowing as a percentage of GDP is relatively low at 0.86%, suggesting manageable fiscal deficits, but the overall economic instability and high inflation pose significant risks to financial stability. The current account balance, while positive at 0.99% of GDP, is not robust enough to mitigate the economic and inflationary pressures.",General government net lending/borrowing of 0.86% of GDP,Current account balance of 0.99% of GDP,High inflation rate,"Argentina poses a high risk due to its economic instability, marked by a decline in GDP and extremely high inflation, which affects not only the economy but also the financial, political, and operational environments. The country's ability to manage these challenges and implement effective policies will be crucial in mitigating risks. Despite some positive signals, such as the growth in export volumes, the overall risk level remains elevated, requiring careful monitoring and consideration in investment decisions.",No issues detected
Argentina,High,Caution,political,6,"While the economic indicators do not directly reflect political stability, the high levels of inflation and economic contraction could lead to social unrest and political instability. The government's ability to manage these economic challenges will be crucial in maintaining political stability, although the current indicators do not point to an immediate political crisis.",Potential for social unrest due to economic conditions,Government's response to economic challenges,No direct political instability indicators,"Argentina poses a high risk due to its economic instability, marked by a decline in GDP and extremely high inflation, which affects not only the economy but also the financial, political, and operational environments. The country's ability to manage these challenges and implement effective policies will be crucial in mitigating risks. Despite some positive signals, such as the growth in export volumes, the overall risk level remains elevated, requiring careful monitoring and consideration in investment decisions.",No issues detected
Argentina,High,Caution,operational,8,"The operational environment is challenging due to the high inflation and economic instability, which can affect the cost of doing business and the reliability of supply chains. The significant decline in import volumes could also impact businesses reliant on imported goods, adding to operational risks.",High inflation impacting business costs,Decline in import volumes affecting supply chains,Economic instability affecting business operations,"Argentina poses a high risk due to its economic instability, marked by a decline in GDP and extremely high inflation, which affects not only the economy but also the financial, political, and operational environments. The country's ability to manage these challenges and implement effective policies will be crucial in mitigating risks. Despite some positive signals, such as the growth in export volumes, the overall risk level remains elevated, requiring careful monitoring and consideration in investment decisions.",No issues detected
Switzerland,Low,Monitor,economic,2,"Switzerland's economic indicators for 2024 suggest a stable and low-risk environment, with a strong foundation for growth. The country's diversified economy, highly skilled workforce, and favorable business climate contribute to its economic resilience.",high GDP per capita,low unemployment rate,strong trade balance,"Switzerland's economic indicators for 2024 suggest a low-risk environment, with a strong foundation for growth and a stable financial system. The country's political environment is characterized by stability and predictability, and its operational and business environment is favorable. However, potential risks include high private debt levels and exposure to international financial markets, which should be monitored closely.",No issues detected
Switzerland,Low,Monitor,financial,3,"Switzerland's financial system is considered stable, with a well-regulated banking sector and a strong track record of financial stability. However, the country's high level of private debt and exposure to international financial markets pose potential risks.",high private debt levels,exposure to international financial markets,strong banking sector regulation,"Switzerland's economic indicators for 2024 suggest a low-risk environment, with a strong foundation for growth and a stable financial system. The country's political environment is characterized by stability and predictability, and its operational and business environment is favorable. However, potential risks include high private debt levels and exposure to international financial markets, which should be monitored closely.",No issues detected
Switzerland,Low,Monitor,political,1,"Switzerland's political environment is characterized by stability and predictability, with a long tradition of consensus-driven politics and a strong rule of law. The country's political risk is considered low, with minimal likelihood of significant changes to its economic or business environment.",stable government,low corruption levels,strong institutions,"Switzerland's economic indicators for 2024 suggest a low-risk environment, with a strong foundation for growth and a stable financial system. The country's political environment is characterized by stability and predictability, and its operational and business environment is favorable. However, potential risks include high private debt levels and exposure to international financial markets, which should be monitored closely.",No issues detected
Switzerland,Low,Monitor,operational,2,"Switzerland's operational and business environment is considered favorable, with a highly developed infrastructure, a skilled workforce, and a favorable regulatory framework. However, the country's high labor costs and strict regulations may pose challenges for some businesses.",high labor costs,strict regulations,highly developed infrastructure,"Switzerland's economic indicators for 2024 suggest a low-risk environment, with a strong foundation for growth and a stable financial system. The country's political environment is characterized by stability and predictability, and its operational and business environment is favorable. However, potential risks include high private debt levels and exposure to international financial markets, which should be monitored closely.",No issues detected
Singapore,Low,Monitor,economic,2,"Singapore's economic indicators for 2024 suggest a stable and growing economy, with low risk of economic downturn. The IMF's estimates indicate a strong foundation for investment and trade, with a highly developed infrastructure and a favorable business environment.",high GDP per capita,low unemployment rate,strong trade relationships,"Singapore presents a low-risk investment environment, with a stable and growing economy, a well-regulated financial sector, and a favorable business climate. The country's strong institutions, highly developed infrastructure, and skilled workforce mitigate operational risks and support efficient business operations. Overall, Singapore is an attractive destination for investment and trade, with a low risk of economic, financial, political, or operational disruption.",No issues detected
Singapore,Low,Monitor,financial,3,"Singapore's financial sector is well-regulated and stable, with a low risk of financial instability. The country's strong banking system and robust regulatory framework mitigate the risk of financial crises.",low debt-to-GDP ratio,high bank capitalization,effective financial regulation,"Singapore presents a low-risk investment environment, with a stable and growing economy, a well-regulated financial sector, and a favorable business climate. The country's strong institutions, highly developed infrastructure, and skilled workforce mitigate operational risks and support efficient business operations. Overall, Singapore is an attractive destination for investment and trade, with a low risk of economic, financial, political, or operational disruption.",No issues detected
Singapore,Low,Monitor,political,1,"Singapore's political environment is stable and predictable, with a low risk of political instability or unrest. The government's pro-business policies and strong institutions support a favorable investment climate.",stable government,low corruption,strong rule of law,"Singapore presents a low-risk investment environment, with a stable and growing economy, a well-regulated financial sector, and a favorable business climate. The country's strong institutions, highly developed infrastructure, and skilled workforce mitigate operational risks and support efficient business operations. Overall, Singapore is an attractive destination for investment and trade, with a low risk of economic, financial, political, or operational disruption.",No issues detected
Singapore,Low,Monitor,operational,2,"Singapore's operational environment is highly developed, with a low risk of operational disruptions or challenges. The country's world-class infrastructure, skilled workforce, and favorable business regulations support efficient and effective business operations.",high-quality infrastructure,skilled workforce,streamlined business regulations,"Singapore presents a low-risk investment environment, with a stable and growing economy, a well-regulated financial sector, and a favorable business climate. The country's strong institutions, highly developed infrastructure, and skilled workforce mitigate operational risks and support efficient business operations. Overall, Singapore is an attractive destination for investment and trade, with a low risk of economic, financial, political, or operational disruption.",No issues detected
Australia,Medium,Monitor,economic,6,"Australia's economic indicators suggest a moderate level of risk, driven by a combination of stable GDP growth and potential vulnerabilities in the labor market. The country's economic outlook is influenced by global trends, commodity prices, and domestic policy decisions, which may impact its growth trajectory.",GDP growth rate,unemployment rate,inflation expectations,"Australia's overall risk level is medium, driven by a combination of economic, financial, and operational factors. The country's stable democracy and strong institutions provide a favorable foundation, but potential vulnerabilities in the labor market and financial system warrant close monitoring. As a result, investors and businesses should exercise caution when operating in Australia, while also recognizing the country's many attractive features and opportunities.",No issues detected
Australia,Medium,Monitor,financial,5,"Australia's financial system appears relatively stable, with a well-regulated banking sector and a strong institutional framework. However, the country's high household debt levels and potential asset price volatility may pose some risks to financial stability.",household debt-to-income ratio,banking sector capital adequacy,asset price inflation,"Australia's overall risk level is medium, driven by a combination of economic, financial, and operational factors. The country's stable democracy and strong institutions provide a favorable foundation, but potential vulnerabilities in the labor market and financial system warrant close monitoring. As a result, investors and businesses should exercise caution when operating in Australia, while also recognizing the country's many attractive features and opportunities.",No issues detected
Australia,Medium,Monitor,political,4,"Australia's political landscape is characterized by a relatively stable democracy, with a low risk of political instability or policy disruption. However, the country's political parties and interest groups may influence economic policy decisions, which could impact the business environment.",election cycle,policy announcements,regulatory changes,"Australia's overall risk level is medium, driven by a combination of economic, financial, and operational factors. The country's stable democracy and strong institutions provide a favorable foundation, but potential vulnerabilities in the labor market and financial system warrant close monitoring. As a result, investors and businesses should exercise caution when operating in Australia, while also recognizing the country's many attractive features and opportunities.",No issues detected
Australia,Medium,Monitor,operational,7,"Australia's operational environment is generally favorable, with a highly developed infrastructure, a skilled workforce, and a favorable business climate. However, the country's remote location, high labor costs, and strict regulatory requirements may pose some operational challenges for businesses.",infrastructure quality,labor market conditions,regulatory compliance,"Australia's overall risk level is medium, driven by a combination of economic, financial, and operational factors. The country's stable democracy and strong institutions provide a favorable foundation, but potential vulnerabilities in the labor market and financial system warrant close monitoring. As a result, investors and businesses should exercise caution when operating in Australia, while also recognizing the country's many attractive features and opportunities.",No issues detected
Scandinavia,Low,Monitor,economic,4,The economic indicators suggest a stable economy with low risk of recession. The region's strong institutional framework and high standard of living contribute to its economic resilience.,low unemployment rate,stable inflation,strong GDP growth,"Scandinavia presents a low overall risk profile, driven by its stable economy, strong financial sector, and stable political environment. The region's high standard of living and strong institutional framework contribute to its resilience. However, businesses may face operational challenges due to high labor costs and stringent regulations.",No issues detected
Scandinavia,Low,Monitor,financial,3,"The financial sector in Scandinavia appears to be stable, with well-capitalized banks and a low risk of financial crises. The region's strong regulatory framework and high level of financial inclusion also contribute to its financial stability.",low non-performing loan ratio,high bank capitalization,stable credit growth,"Scandinavia presents a low overall risk profile, driven by its stable economy, strong financial sector, and stable political environment. The region's high standard of living and strong institutional framework contribute to its resilience. However, businesses may face operational challenges due to high labor costs and stringent regulations.",No issues detected
Scandinavia,Low,Monitor,political,2,The political environment in Scandinavia is characterized by stability and low risk of political upheaval. The region's strong democratic institutions and high level of social cohesion contribute to its political stability.,low corruption perception,stable government,high level of civic engagement,"Scandinavia presents a low overall risk profile, driven by its stable economy, strong financial sector, and stable political environment. The region's high standard of living and strong institutional framework contribute to its resilience. However, businesses may face operational challenges due to high labor costs and stringent regulations.",No issues detected
Scandinavia,Low,Monitor,operational,5,"The business environment in Scandinavia is highly developed, with a strong infrastructure and high level of logistical efficiency. However, the region's high labor costs and stringent regulations may pose operational challenges for some businesses.",high labor costs,stringent labor laws,high level of logistical efficiency,"Scandinavia presents a low overall risk profile, driven by its stable economy, strong financial sector, and stable political environment. The region's high standard of living and strong institutional framework contribute to its resilience. However, businesses may face operational challenges due to high labor costs and stringent regulations.",No issues detected
